Abweichung,sortieren,2
agieren,mobil,2
aktuell,Portfolioanalyse,1.523809524
Altersstufe,Mut,1.238095238
Anbieter,Bedarf,3
Angebotsseite,Bestandsaufnahme,1.714285714
angehend,Verfahrenstechnik,0.619047619
anleiten,rekonstruieren,1.333333333
Ansatz,europäisch,0.952380952
anschließend,Blutspendeaktion,0.476190476
anschließend,Maschinenfunktion,0.571428571
Antrittsvorlesung,Justus,0.476190476
Approach,Implementation,1.761904762
Arbeitstitel,Abkehr,0.380952381
Assistentin,Überblick,1.666666667
Aufgabe,Vertriebstechniker,2.095238095
aufsuchen,adäquat,0.571428571
Ausbildung,Beispiel,1.952380952
Ausbildung,Gesundheitswesen,1.761904762
Ausbildung,nah,1.047619048
Ausgangsmaterial,Probenehmer,1.428571429
Ausland,Suche,1.428571429
Autor,Identität,2.238095238
Baumaschinenmeister,beruflich,2.904761905
Bayern,Unterrichtsmittel,0.857142857
Beamter,Mitarbeit,1.428571429
bearbeiten,frühere,0.476190476
Berechnung,Firma,2.047619048
Berlin,demographisch,1.619047619
Berlin,Recht,1.380952381
berücksichtigen,kooperieren,1.904761905
Berücksichtigung,Branche,0.952380952
beständig,Managerinnen,1.095238095
beurteilen,denkbar,1.19047619
Beurteilung,Verhaltensmuster,2.380952381
bezüglich,Durchführung,0.857142857
Bildung,Ziel,2.523809524
Bildungsabschluss,Verhaltensmuster,1.238095238
Bildungsträger,Berufspraxis,1.952380952
bleiben,Gewalt,0.619047619
Büroequipment,Institut,1.285714286
Computer,Plattform,3.238095238
Core,Metadatenwerkzeug,1.380952381
Datenbank,Bachelorstudiengang,1.19047619
Datum,erheben,1.380952381
Detailkonstrukteurinnen,Tätigkeit,2.19047619
Dienst,Ingenieurbüro,2.142857143
Dozent,Kamera,0.571428571
drängeln,Bereich,0.952380952
Dreieck,Stuttgart,0.952380952
Druckplatte,Tätigkeit,1.571428571
Durchführung,Zusammenarbeit,2.142857143
Eigenaktivität,Durchführung,1.857142857
eignen,auswirken,1.285714286
eindimensional,Backware,0.19047619
einschließlich,häufig,0.571428571
einzig,Nachbar,0.619047619
elektronisch,neu,1.476190476
Entwicklung,Struktur,1.857142857
erfolgreich,Universität,2.571428571
Erkenntnisinteresse,gleichzeitig,0.523809524
Erklärung,Aktensperrfrist,1.19047619
europäisch,Intervention,2.142857143
Evaluation,funktional,1.333333333
Fach,Institut,3.047619048
Fachbereichsvertreter,individuell,0.80952381
fallen,überwachen,0.428571429
Familie,Beitrag,1.333333333
Familie,Modellvorhaben,0.571428571
Feinwerktechnik,Hochschule,1.952380952
Flächeneinsparung,Landwirtschaft,2.333333333
Forschungsverbund,Langzeittherapieprogramm,1.619047619
Forschungszentrum,Euro,1.285714286
Fortschritt,Asien,2.333333333
Frage,Universität,2.333333333
Führungsmittel,Gastlandkontakte,0.380952381
Garnerzeugung,Vliesstofferzeugung,3.238095238
Gegenstand,Filmherstellung,1.047619048
Gegenwart,beinhalten,0.666666667
gelangen,Sujet,0.428571429
genius,stilistisch,1.142857143
Gentest,Risiko,2.571428571
Georg,August,1.238095238
gerade,gängig,1.095238095
Gespannfahren,Altersgruppe,0.380952381
Gesundheitsbegriff,Entwicklungsgeschichte,0.952380952
Gleitkomma,deaktivieren,0.666666667
groß,Arbeitszeitregelung,0.238095238
groß,methodisch,0.523809524
großflächig,vorzeitig,0.285714286
gründen,Forschung,2.285714286
Gymnasium,Ober,1.380952381
Handarbeit,Flöte,1.666666667
Handlungsanleitung,Kooperationspartner,1.142857143
Handout,üben,1.428571429
Helfer,Problem,2.952380952
Hubschraubertyp,einschließlich,0.19047619
Identifizierung,praxisbezogen,0.761904762
Institut,Einführung,1.380952381
Instrumentarium,anwendbar,2.380952381
Interaktion,Auswirkung,2.619047619
Internet,außerdem,0.285714286
Interpretation,politisch,1.714285714
Kenntnis,Ingenieur,2.80952381
Kenntnis,speziell,2.80952381
Kolloquium,Wissen,3
Kompetenz,Arzt,3
Konflikt,deutsch,1.476190476
konkret,Handlungsempfehlung,2.047619048
Konstruktionsbüro,elektro,1.285714286
Körpernorm,Lebenszusammenhang,0.904761905
Korrektur,nutzen,1.047619048
Kostüm,gekonnt,1.095238095
Kraft,Geselle,0.952380952
Krankenhausmanagement,Betriebswirt,2.476190476
künstlich,Samenzahnrad,0.761904762
lassen,Elisabeth,0.142857143
lehren,Verkehrswirtschaft,1.571428571
Lehrerausbildung,Medium,1.619047619
Lehrerrolle,Hilfe,2.666666667
Leopold,Institut,0.80952381
Literaturwissenschaft,allgemein,0.952380952
logisch,Juni,0.142857143
Lust,Uni,1.714285714
Management,international,2.333333333
Marketing,Firma,2.904761905
Maschinenbau,Beschreibung,1.19047619
Metall,Berufsbezeichnung,1.285714286
Microsoft,Industries,2.523809524
Migrantinnen,Handelsstruktur,0.761904762
MIPS,Core,2.095238095
mobil,beschränkt,1.666666667
Motivation,geplant,1.333333333
müssen,Übergeordneter,1.285714286
Mut,lassen,0.80952381
Neoautoritarismus,Chance,0.428571429
Objekt,wechselseitig,1.142857143
Outfit,Strom,0.238095238
Personaldisposition,überwachen,1.238095238
Pflanzenzüchtung,models,0.428571429
Pharmakotherapie,Evidence,0.523809524
Polarisierung,Beurteilung,1.619047619
Politikbereich,altersbezogen,1.238095238
Porter,wechselseitig,0.428571429
postmaterialistisch,diesbezüglich,0.285714286
praxisbezogen,ausbilden,2.761904762
Pressebüro,Nanopartikel,0.285714286
Privatkunde,Bereich,0.952380952
Problem,Grenze,1.857142857
Prof.,Ludwig,0.904761905
Programmiersystem,Warte,0.619047619
Quelle,Text,3.238095238
Rahmenbedingung,Hochtechnologie,1.761904762
Rainer,Folie,0.142857143
redaktionell,stützen,1
Reflexivität,kollektiv,0.80952381
Reformmöglichkeit,Bildungspolitik,2.714285714
Regisseur,gestalterisch,2.428571429
Rekonstruktion,vornehmlich,0.571428571
religiös,Sahara,0.666666667
Restaurierungsmethode,Bildungsträger,0.619047619
Risikokind,Start,0.80952381
Schiff,Segelflugzeug,2.19047619
schließen,Reiseantrag,0.619047619
Schritt,Wohnung,0.619047619
selbstständig,individuell,3
Sicherheit,Frontenbildung,1.095238095
sicherheitspolitisch,vereinigt,1.476190476
sozial,insistieren,0.80952381
Soziales,sozial,3.761904762
Spanish,Latein,3.333333333
Spielidee,Computergraphik,2.80952381
Sport,bargeldlos,0.428571429
starten,Endlast,0.904761905
stehen,Finger,0.476190476
stehen,politisch,1.142857143
strafen,Paragraph,3.047619048
Studie,Anpassung,1.428571429
Stufe,beurteilen,1.952380952
Stuttgart,Ausbildung,0.80952381
Suche,Entnahme,1.142857143
Tätigkeit,ausführen,3.666666667
Tätigkeit,Maschine,2.619047619
Tätigkeitsbezeichnung,Personal,2.666666667
Tiefbaubauingenieur,heranführen,0.619047619
Tomcat,zentral,0.666666667
Trage,Berührung,0.761904762
Turnier,Sport,3.619047619
Übersicht,Kursstätte,0.904761905
überzeugen,Kommunikation,2.80952381
üblich,Sport,0.714285714
Umwelt,Organisationskompetenz,1.333333333
Umweltschutz,Gesundheitsschutz,2.857142857
Uni,Titel,3.095238095
Universität,Anforderung,2.952380952
Universität,Bildungseinrichtung,3.904761905
Universität,Euro,1.238095238
Universitätsklinik,Universität,3.523809524
unterrichten,soft,0.714285714
Unterrichtsmittel,Versuchsfläche,1.619047619
unterschiedlich,fallen,0.571428571
unterzeichnen,gewährleisten,1.80952381
verantwortlich,Firma,2.333333333
verarbeiten,dichten,1.380952381
verfügen,Kommunikation,1.095238095
Verkäuferinnen,Gesteck,1.19047619
Verwaltung,Betriebswirt,2.857142857
Vortrag,technisch,1.80952381
Wahlfächer,Gymnasium,3.238095238
wahrnehmen,Grundsatzfrage,0.857142857
wahrnehmen,selbstständig,1.238095238
wahrnehmen,Trägereinrichtung,0.380952381
wahrnehmen,zusammenarbeiten,0.761904762
Wartung,Einhaltung,2
Weiterbildung,Arbeitsbereich,2.571428571
Welthungerhilfe,Form,0.714285714
Widerstand,diagnostisch,0.571428571
Wirtschaftsminister,handeln,2.380952381
Wörterbuch,Bewertung,0.857142857
Zusammenarbeit,Objekt,1.095238095
Zusammenarbeit,Wiki,2.761904762
zusammenstellen,zwei,1.952380952
